variant,depth,games,win_rate_pct,avg_time_ms,avg_nodes
minimax,2,200,98.5,0.011852941735924103,10.390500000000007
minimax,3,200,99.0,0.026869758381508294,29.2084166666667
minimax,4,200,98.0,0.0657564835158458,74.43766666666669
minimax,5,200,100.0,0.15019457495448782,179.43791666666667
alpha_beta,2,200,98.5,0.009574950025125874,10.390500000000007
alpha_beta,3,200,99.0,0.021838391526519743,26.25833333333334
alpha_beta,4,200,98.0,0.03918731673062818,52.31166666666666
alpha_beta,5,200,100.0,0.07465124185182505,99.92783333333335
