variant,depth,games,win_rate_pct,avg_time_ms,avg_nodes
minimax,2,200,98.5,0.008453374918948004,10.390500000000007
minimax,3,200,99.0,0.019997491498846404,29.2084166666667
minimax,4,200,98.0,0.049937850018371456,74.43766666666669
minimax,5,200,100.0,0.11775142496602103,179.43791666666667
alpha_beta,2,200,98.5,0.008239691831477105,10.390500000000007
alpha_beta,3,200,99.0,0.01962787506272434,26.25833333333334
alpha_beta,4,200,98.0,0.04061586666163444,52.31166666666666
alpha_beta,5,200,100.0,0.07332078330667477,99.92783333333335
