variant,depth,games,win_rate_pct,avg_time_ms,avg_nodes
minimax,2,200,98.5,0.009796483300912463,10.390500000000007
minimax,3,200,99.0,0.02459624998482468,29.2084166666667
minimax,4,200,98.0,0.060523908334289445,74.43766666666669
minimax,5,200,100.0,0.12963964996773336,179.43791666666667
alpha_beta,2,200,98.5,0.008034550017024838,10.390500000000007
alpha_beta,3,200,99.0,0.0199362250256551,26.25833333333334
alpha_beta,4,200,98.0,0.03865546655955163,52.31166666666666
alpha_beta,5,200,100.0,0.07294049166557669,99.92783333333335
