variant,depth,games,win_rate_pct,avg_time_ms,avg_nodes
minimax,2,200,98.5,0.008083458482360585,10.390500000000007
minimax,3,200,99.0,0.020714541814110518,29.2084166666667
minimax,4,200,98.0,0.049238058272142865,74.43766666666669
minimax,5,200,100.0,0.11827356674075419,179.43791666666667
alpha_beta,2,200,98.5,0.008109141739623736,10.390500000000007
alpha_beta,3,200,99.0,0.019425458528227562,26.25833333333334
alpha_beta,4,200,98.0,0.03816900846504723,52.31166666666666
alpha_beta,5,200,100.0,0.07544208331273694,99.92783333333335
