variant,depth,games,win_rate_pct,avg_time_ms,avg_nodes
minimax,2,200,99.0,0.008788591376893843,10.300833333333333
minimax,3,200,99.5,0.019882749948010314,28.67325
minimax,4,200,99.0,0.04777868320888956,73.01283333333333
minimax,5,200,99.0,0.10997621677840166,169.20458333333332
alpha_beta,2,200,99.0,0.007967275165962443,10.300833333333333
alpha_beta,3,200,99.5,0.018897608573752223,25.69275
alpha_beta,4,200,99.0,0.03606879186554579,51.696583333333336
alpha_beta,5,200,99.0,0.06845160866699491,95.85408333333334
